experiment_name,scenario_type,rows,legitimate_count,suspicious_count,false_positives,false_negatives,correct_predictions,errors,precision,recall,f1,fpr,fnr,roc_auc,pr_auc_average_precision,confusion_matrix
BASELINE,LEGITIMATE_ESIM_CHANGE,125,125,0,0,0,125,0,,,,0.0,,,,"[[125, 0], [0, 0]]"
BASELINE,LEGITIMATE_ESIM_DEVICE_RECOVERY,125,125,0,84,0,41,84,0.0,,0.0,0.672,,,,"[[41, 84], [0, 0]]"
BASELINE,LEGITIMATE_SIM_AUTH_RECOVERY,125,125,0,88,0,37,88,0.0,,0.0,0.704,,,,"[[37, 88], [0, 0]]"
BASELINE,LEGITIMATE_SIM_DEVICE_RECOVERY,125,125,0,125,0,0,125,0.0,,0.0,1.0,,,,"[[0, 125], [0, 0]]"
BASELINE,LEGITIMATE_SIM_REPLACEMENT,125,125,0,0,0,125,0,,,,0.0,,,,"[[125, 0], [0, 0]]"
BASELINE,SIM_ESIM_AUTH_ANOMALY,125,0,125,0,95,30,95,1.0,0.24,0.3870967741935484,,0.76,,1.0,"[[0, 0], [95, 30]]"
BASELINE,SUSPICIOUS_ESIM_CHANGE,125,0,125,0,0,125,0,1.0,1.0,1.0,,0.0,,1.0,"[[0, 0], [0, 125]]"
BASELINE,SUSPICIOUS_SIM_REPLACEMENT,125,0,125,0,125,0,125,,0.0,0.0,,1.0,,1.0,"[[0, 0], [125, 0]]"
TIMING,LEGITIMATE_ESIM_CHANGE,125,125,0,0,0,125,0,,,,0.0,,,,"[[125, 0], [0, 0]]"
TIMING,LEGITIMATE_ESIM_DEVICE_RECOVERY,125,125,0,0,0,125,0,,,,0.0,,,,"[[125, 0], [0, 0]]"
TIMING,LEGITIMATE_SIM_AUTH_RECOVERY,125,125,0,0,0,125,0,,,,0.0,,,,"[[125, 0], [0, 0]]"
TIMING,LEGITIMATE_SIM_DEVICE_RECOVERY,125,125,0,0,0,125,0,,,,0.0,,,,"[[125, 0], [0, 0]]"
TIMING,LEGITIMATE_SIM_REPLACEMENT,125,125,0,0,0,125,0,,,,0.0,,,,"[[125, 0], [0, 0]]"
TIMING,SIM_ESIM_AUTH_ANOMALY,125,0,125,0,0,125,0,1.0,1.0,1.0,,0.0,,1.0,"[[0, 0], [0, 125]]"
TIMING,SUSPICIOUS_ESIM_CHANGE,125,0,125,0,0,125,0,1.0,1.0,1.0,,0.0,,1.0,"[[0, 0], [0, 125]]"
TIMING,SUSPICIOUS_SIM_REPLACEMENT,125,0,125,0,125,0,125,,0.0,0.0,,1.0,,1.0,"[[0, 0], [125, 0]]"
COUNTS,LEGITIMATE_ESIM_CHANGE,125,125,0,0,0,125,0,,,,0.0,,,,"[[125, 0], [0, 0]]"
COUNTS,LEGITIMATE_ESIM_DEVICE_RECOVERY,125,125,0,83,0,42,83,0.0,,0.0,0.664,,,,"[[42, 83], [0, 0]]"
COUNTS,LEGITIMATE_SIM_AUTH_RECOVERY,125,125,0,85,0,40,85,0.0,,0.0,0.68,,,,"[[40, 85], [0, 0]]"
COUNTS,LEGITIMATE_SIM_DEVICE_RECOVERY,125,125,0,125,0,0,125,0.0,,0.0,1.0,,,,"[[0, 125], [0, 0]]"
COUNTS,LEGITIMATE_SIM_REPLACEMENT,125,125,0,0,0,125,0,,,,0.0,,,,"[[125, 0], [0, 0]]"
COUNTS,SIM_ESIM_AUTH_ANOMALY,125,0,125,0,125,0,125,,0.0,0.0,,1.0,,1.0,"[[0, 0], [125, 0]]"
COUNTS,SUSPICIOUS_ESIM_CHANGE,125,0,125,0,0,125,0,1.0,1.0,1.0,,0.0,,1.0,"[[0, 0], [0, 125]]"
COUNTS,SUSPICIOUS_SIM_REPLACEMENT,125,0,125,0,125,0,125,,0.0,0.0,,1.0,,1.0,"[[0, 0], [125, 0]]"
SEQUENCES,LEGITIMATE_ESIM_CHANGE,125,125,0,0,0,125,0,,,,0.0,,,,"[[125, 0], [0, 0]]"
SEQUENCES,LEGITIMATE_ESIM_DEVICE_RECOVERY,125,125,0,81,0,44,81,0.0,,0.0,0.648,,,,"[[44, 81], [0, 0]]"
SEQUENCES,LEGITIMATE_SIM_AUTH_RECOVERY,125,125,0,80,0,45,80,0.0,,0.0,0.64,,,,"[[45, 80], [0, 0]]"
SEQUENCES,LEGITIMATE_SIM_DEVICE_RECOVERY,125,125,0,125,0,0,125,0.0,,0.0,1.0,,,,"[[0, 125], [0, 0]]"
SEQUENCES,LEGITIMATE_SIM_REPLACEMENT,125,125,0,0,0,125,0,,,,0.0,,,,"[[125, 0], [0, 0]]"
SEQUENCES,SIM_ESIM_AUTH_ANOMALY,125,0,125,0,0,125,0,1.0,1.0,1.0,,0.0,,1.0,"[[0, 0], [0, 125]]"
SEQUENCES,SUSPICIOUS_ESIM_CHANGE,125,0,125,0,0,125,0,1.0,1.0,1.0,,0.0,,1.0,"[[0, 0], [0, 125]]"
SEQUENCES,SUSPICIOUS_SIM_REPLACEMENT,125,0,125,0,125,0,125,,0.0,0.0,,1.0,,1.0,"[[0, 0], [125, 0]]"
ALL_TEMPORAL,LEGITIMATE_ESIM_CHANGE,125,125,0,0,0,125,0,,,,0.0,,,,"[[125, 0], [0, 0]]"
ALL_TEMPORAL,LEGITIMATE_ESIM_DEVICE_RECOVERY,125,125,0,0,0,125,0,,,,0.0,,,,"[[125, 0], [0, 0]]"
ALL_TEMPORAL,LEGITIMATE_SIM_AUTH_RECOVERY,125,125,0,0,0,125,0,,,,0.0,,,,"[[125, 0], [0, 0]]"
ALL_TEMPORAL,LEGITIMATE_SIM_DEVICE_RECOVERY,125,125,0,0,0,125,0,,,,0.0,,,,"[[125, 0], [0, 0]]"
ALL_TEMPORAL,LEGITIMATE_SIM_REPLACEMENT,125,125,0,0,0,125,0,,,,0.0,,,,"[[125, 0], [0, 0]]"
ALL_TEMPORAL,SIM_ESIM_AUTH_ANOMALY,125,0,125,0,0,125,0,1.0,1.0,1.0,,0.0,,1.0,"[[0, 0], [0, 125]]"
ALL_TEMPORAL,SUSPICIOUS_ESIM_CHANGE,125,0,125,0,0,125,0,1.0,1.0,1.0,,0.0,,1.0,"[[0, 0], [0, 125]]"
ALL_TEMPORAL,SUSPICIOUS_SIM_REPLACEMENT,125,0,125,0,125,0,125,,0.0,0.0,,1.0,,1.0,"[[0, 0], [125, 0]]"
