scenario_type_evaluation_only,feature,row_count,non_missing_count,missing_count,zero_count,one_count,nonzero_count,nonzero_rate_among_non_missing,minimum,mean,median,maximum
LEGITIMATE_ESIM_CHANGE,time_to_new_device_seconds,125,0,125,0,0,0,,,,,
LEGITIMATE_ESIM_CHANGE,time_to_failed_login_seconds,125,0,125,0,0,0,,,,,
LEGITIMATE_ESIM_CHANGE,time_to_password_reset_seconds,125,0,125,0,0,0,,,,,
LEGITIMATE_ESIM_CHANGE,time_to_recovery_seconds,125,0,125,0,0,0,,,,,
LEGITIMATE_ESIM_CHANGE,time_to_auth_anomaly_seconds,125,0,125,0,0,0,,,,,
LEGITIMATE_ESIM_CHANGE,post_trigger_failed_login_count,125,125,0,125,0,0,0.0,0.0,0.0,0.0,0.0
LEGITIMATE_ESIM_CHANGE,post_trigger_device_event_count,125,125,0,125,0,0,0.0,0.0,0.0,0.0,0.0
LEGITIMATE_ESIM_CHANGE,post_trigger_recovery_event_count,125,125,0,125,0,0,0.0,0.0,0.0,0.0,0.0
LEGITIMATE_ESIM_CHANGE,telecom_to_device_sequence,125,125,0,125,0,0,0.0,0.0,0.0,0.0,0.0
LEGITIMATE_ESIM_CHANGE,telecom_to_auth_sequence,125,125,0,125,0,0,0.0,0.0,0.0,0.0,0.0
LEGITIMATE_ESIM_CHANGE,telecom_to_recovery_sequence,125,125,0,125,0,0,0.0,0.0,0.0,0.0,0.0
LEGITIMATE_ESIM_CHANGE,device_before_auth_sequence,125,125,0,125,0,0,0.0,0.0,0.0,0.0,0.0
LEGITIMATE_ESIM_CHANGE,auth_before_recovery_sequence,125,125,0,125,0,0,0.0,0.0,0.0,0.0,0.0
LEGITIMATE_ESIM_DEVICE_RECOVERY,time_to_new_device_seconds,125,125,0,0,0,125,1.0,300.0,300.0,300.0,300.0
LEGITIMATE_ESIM_DEVICE_RECOVERY,time_to_failed_login_seconds,125,125,0,0,0,125,1.0,480.0,480.0,480.0,480.0
LEGITIMATE_ESIM_DEVICE_RECOVERY,time_to_password_reset_seconds,125,125,0,0,0,125,1.0,600.0,600.0,600.0,600.0
LEGITIMATE_ESIM_DEVICE_RECOVERY,time_to_recovery_seconds,125,125,0,0,0,125,1.0,600.0,600.0,600.0,600.0
LEGITIMATE_ESIM_DEVICE_RECOVERY,time_to_auth_anomaly_seconds,125,125,0,0,0,125,1.0,480.0,480.0,480.0,480.0
LEGITIMATE_ESIM_DEVICE_RECOVERY,post_trigger_failed_login_count,125,125,0,0,125,125,1.0,1.0,1.0,1.0,1.0
LEGITIMATE_ESIM_DEVICE_RECOVERY,post_trigger_device_event_count,125,125,0,0,125,125,1.0,1.0,1.0,1.0,1.0
LEGITIMATE_ESIM_DEVICE_RECOVERY,post_trigger_recovery_event_count,125,125,0,0,125,125,1.0,1.0,1.0,1.0,1.0
LEGITIMATE_ESIM_DEVICE_RECOVERY,telecom_to_device_sequence,125,125,0,0,125,125,1.0,1.0,1.0,1.0,1.0
LEGITIMATE_ESIM_DEVICE_RECOVERY,telecom_to_auth_sequence,125,125,0,0,125,125,1.0,1.0,1.0,1.0,1.0
LEGITIMATE_ESIM_DEVICE_RECOVERY,telecom_to_recovery_sequence,125,125,0,0,125,125,1.0,1.0,1.0,1.0,1.0
LEGITIMATE_ESIM_DEVICE_RECOVERY,device_before_auth_sequence,125,125,0,0,125,125,1.0,1.0,1.0,1.0,1.0
LEGITIMATE_ESIM_DEVICE_RECOVERY,auth_before_recovery_sequence,125,125,0,0,125,125,1.0,1.0,1.0,1.0,1.0
LEGITIMATE_SIM_AUTH_RECOVERY,time_to_new_device_seconds,125,125,0,0,0,125,1.0,300.0,300.0,300.0,300.0
LEGITIMATE_SIM_AUTH_RECOVERY,time_to_failed_login_seconds,125,125,0,0,0,125,1.0,480.0,480.0,480.0,480.0
LEGITIMATE_SIM_AUTH_RECOVERY,time_to_password_reset_seconds,125,125,0,0,0,125,1.0,720.0,720.0,720.0,720.0
LEGITIMATE_SIM_AUTH_RECOVERY,time_to_recovery_seconds,125,125,0,0,0,125,1.0,720.0,720.0,720.0,720.0
LEGITIMATE_SIM_AUTH_RECOVERY,time_to_auth_anomaly_seconds,125,125,0,0,0,125,1.0,480.0,480.0,480.0,480.0
LEGITIMATE_SIM_AUTH_RECOVERY,post_trigger_failed_login_count,125,125,0,0,0,125,1.0,2.0,2.0,2.0,2.0
LEGITIMATE_SIM_AUTH_RECOVERY,post_trigger_device_event_count,125,125,0,0,125,125,1.0,1.0,1.0,1.0,1.0
LEGITIMATE_SIM_AUTH_RECOVERY,post_trigger_recovery_event_count,125,125,0,0,125,125,1.0,1.0,1.0,1.0,1.0
LEGITIMATE_SIM_AUTH_RECOVERY,telecom_to_device_sequence,125,125,0,0,125,125,1.0,1.0,1.0,1.0,1.0
LEGITIMATE_SIM_AUTH_RECOVERY,telecom_to_auth_sequence,125,125,0,0,125,125,1.0,1.0,1.0,1.0,1.0
LEGITIMATE_SIM_AUTH_RECOVERY,telecom_to_recovery_sequence,125,125,0,0,125,125,1.0,1.0,1.0,1.0,1.0
LEGITIMATE_SIM_AUTH_RECOVERY,device_before_auth_sequence,125,125,0,0,125,125,1.0,1.0,1.0,1.0,1.0
LEGITIMATE_SIM_AUTH_RECOVERY,auth_before_recovery_sequence,125,125,0,0,125,125,1.0,1.0,1.0,1.0,1.0
LEGITIMATE_SIM_DEVICE_RECOVERY,time_to_new_device_seconds,125,125,0,0,0,125,1.0,300.0,300.0,300.0,300.0
LEGITIMATE_SIM_DEVICE_RECOVERY,time_to_failed_login_seconds,125,125,0,0,0,125,1.0,480.0,480.0,480.0,480.0
LEGITIMATE_SIM_DEVICE_RECOVERY,time_to_password_reset_seconds,125,125,0,0,0,125,1.0,600.0,600.0,600.0,600.0
LEGITIMATE_SIM_DEVICE_RECOVERY,time_to_recovery_seconds,125,125,0,0,0,125,1.0,600.0,600.0,600.0,600.0
LEGITIMATE_SIM_DEVICE_RECOVERY,time_to_auth_anomaly_seconds,125,125,0,0,0,125,1.0,480.0,480.0,480.0,480.0
LEGITIMATE_SIM_DEVICE_RECOVERY,post_trigger_failed_login_count,125,125,0,0,125,125,1.0,1.0,1.0,1.0,1.0
LEGITIMATE_SIM_DEVICE_RECOVERY,post_trigger_device_event_count,125,125,0,0,125,125,1.0,1.0,1.0,1.0,1.0
LEGITIMATE_SIM_DEVICE_RECOVERY,post_trigger_recovery_event_count,125,125,0,0,125,125,1.0,1.0,1.0,1.0,1.0
LEGITIMATE_SIM_DEVICE_RECOVERY,telecom_to_device_sequence,125,125,0,0,125,125,1.0,1.0,1.0,1.0,1.0
LEGITIMATE_SIM_DEVICE_RECOVERY,telecom_to_auth_sequence,125,125,0,0,125,125,1.0,1.0,1.0,1.0,1.0
LEGITIMATE_SIM_DEVICE_RECOVERY,telecom_to_recovery_sequence,125,125,0,0,125,125,1.0,1.0,1.0,1.0,1.0
LEGITIMATE_SIM_DEVICE_RECOVERY,device_before_auth_sequence,125,125,0,0,125,125,1.0,1.0,1.0,1.0,1.0
LEGITIMATE_SIM_DEVICE_RECOVERY,auth_before_recovery_sequence,125,125,0,0,125,125,1.0,1.0,1.0,1.0,1.0
LEGITIMATE_SIM_REPLACEMENT,time_to_new_device_seconds,125,0,125,0,0,0,,,,,
LEGITIMATE_SIM_REPLACEMENT,time_to_failed_login_seconds,125,0,125,0,0,0,,,,,
LEGITIMATE_SIM_REPLACEMENT,time_to_password_reset_seconds,125,0,125,0,0,0,,,,,
LEGITIMATE_SIM_REPLACEMENT,time_to_recovery_seconds,125,0,125,0,0,0,,,,,
LEGITIMATE_SIM_REPLACEMENT,time_to_auth_anomaly_seconds,125,0,125,0,0,0,,,,,
LEGITIMATE_SIM_REPLACEMENT,post_trigger_failed_login_count,125,125,0,125,0,0,0.0,0.0,0.0,0.0,0.0
LEGITIMATE_SIM_REPLACEMENT,post_trigger_device_event_count,125,125,0,125,0,0,0.0,0.0,0.0,0.0,0.0
LEGITIMATE_SIM_REPLACEMENT,post_trigger_recovery_event_count,125,125,0,125,0,0,0.0,0.0,0.0,0.0,0.0
LEGITIMATE_SIM_REPLACEMENT,telecom_to_device_sequence,125,125,0,125,0,0,0.0,0.0,0.0,0.0,0.0
LEGITIMATE_SIM_REPLACEMENT,telecom_to_auth_sequence,125,125,0,125,0,0,0.0,0.0,0.0,0.0,0.0
LEGITIMATE_SIM_REPLACEMENT,telecom_to_recovery_sequence,125,125,0,125,0,0,0.0,0.0,0.0,0.0,0.0
LEGITIMATE_SIM_REPLACEMENT,device_before_auth_sequence,125,125,0,125,0,0,0.0,0.0,0.0,0.0,0.0
LEGITIMATE_SIM_REPLACEMENT,auth_before_recovery_sequence,125,125,0,125,0,0,0.0,0.0,0.0,0.0,0.0
SIM_ESIM_AUTH_ANOMALY,time_to_new_device_seconds,125,125,0,0,0,125,1.0,300.0,300.0,300.0,300.0
SIM_ESIM_AUTH_ANOMALY,time_to_failed_login_seconds,125,125,0,0,0,125,1.0,600.0,600.0,600.0,600.0
SIM_ESIM_AUTH_ANOMALY,time_to_password_reset_seconds,125,0,125,0,0,0,,,,,
SIM_ESIM_AUTH_ANOMALY,time_to_recovery_seconds,125,0,125,0,0,0,,,,,
SIM_ESIM_AUTH_ANOMALY,time_to_auth_anomaly_seconds,125,125,0,0,0,125,1.0,600.0,600.0,600.0,600.0
SIM_ESIM_AUTH_ANOMALY,post_trigger_failed_login_count,125,125,0,0,0,125,1.0,2.0,2.0,2.0,2.0
SIM_ESIM_AUTH_ANOMALY,post_trigger_device_event_count,125,125,0,0,0,125,1.0,2.0,2.0,2.0,2.0
SIM_ESIM_AUTH_ANOMALY,post_trigger_recovery_event_count,125,125,0,125,0,0,0.0,0.0,0.0,0.0,0.0
SIM_ESIM_AUTH_ANOMALY,telecom_to_device_sequence,125,125,0,0,125,125,1.0,1.0,1.0,1.0,1.0
SIM_ESIM_AUTH_ANOMALY,telecom_to_auth_sequence,125,125,0,0,125,125,1.0,1.0,1.0,1.0,1.0
SIM_ESIM_AUTH_ANOMALY,telecom_to_recovery_sequence,125,125,0,125,0,0,0.0,0.0,0.0,0.0,0.0
SIM_ESIM_AUTH_ANOMALY,device_before_auth_sequence,125,125,0,0,125,125,1.0,1.0,1.0,1.0,1.0
SIM_ESIM_AUTH_ANOMALY,auth_before_recovery_sequence,125,125,0,125,0,0,0.0,0.0,0.0,0.0,0.0
SUSPICIOUS_ESIM_CHANGE,time_to_new_device_seconds,125,125,0,0,0,125,1.0,300.0,300.0,300.0,300.0
SUSPICIOUS_ESIM_CHANGE,time_to_failed_login_seconds,125,125,0,0,0,125,1.0,600.0,600.0,600.0,600.0
SUSPICIOUS_ESIM_CHANGE,time_to_password_reset_seconds,125,0,125,0,0,0,,,,,
SUSPICIOUS_ESIM_CHANGE,time_to_recovery_seconds,125,0,125,0,0,0,,,,,
SUSPICIOUS_ESIM_CHANGE,time_to_auth_anomaly_seconds,125,125,0,0,0,125,1.0,600.0,600.0,600.0,600.0
SUSPICIOUS_ESIM_CHANGE,post_trigger_failed_login_count,125,125,0,0,125,125,1.0,1.0,1.0,1.0,1.0
SUSPICIOUS_ESIM_CHANGE,post_trigger_device_event_count,125,125,0,0,0,125,1.0,3.0,3.0,3.0,3.0
SUSPICIOUS_ESIM_CHANGE,post_trigger_recovery_event_count,125,125,0,125,0,0,0.0,0.0,0.0,0.0,0.0
SUSPICIOUS_ESIM_CHANGE,telecom_to_device_sequence,125,125,0,0,125,125,1.0,1.0,1.0,1.0,1.0
SUSPICIOUS_ESIM_CHANGE,telecom_to_auth_sequence,125,125,0,0,125,125,1.0,1.0,1.0,1.0,1.0
SUSPICIOUS_ESIM_CHANGE,telecom_to_recovery_sequence,125,125,0,125,0,0,0.0,0.0,0.0,0.0,0.0
SUSPICIOUS_ESIM_CHANGE,device_before_auth_sequence,125,125,0,0,125,125,1.0,1.0,1.0,1.0,1.0
SUSPICIOUS_ESIM_CHANGE,auth_before_recovery_sequence,125,125,0,125,0,0,0.0,0.0,0.0,0.0,0.0
SUSPICIOUS_SIM_REPLACEMENT,time_to_new_device_seconds,125,125,0,0,0,125,1.0,300.0,300.0,300.0,300.0
SUSPICIOUS_SIM_REPLACEMENT,time_to_failed_login_seconds,125,125,0,0,0,125,1.0,600.0,600.0,600.0,600.0
SUSPICIOUS_SIM_REPLACEMENT,time_to_password_reset_seconds,125,125,0,0,0,125,1.0,900.0,900.0,900.0,900.0
SUSPICIOUS_SIM_REPLACEMENT,time_to_recovery_seconds,125,125,0,0,0,125,1.0,900.0,900.0,900.0,900.0
SUSPICIOUS_SIM_REPLACEMENT,time_to_auth_anomaly_seconds,125,125,0,0,0,125,1.0,600.0,600.0,600.0,600.0
SUSPICIOUS_SIM_REPLACEMENT,post_trigger_failed_login_count,125,125,0,0,125,125,1.0,1.0,1.0,1.0,1.0
SUSPICIOUS_SIM_REPLACEMENT,post_trigger_device_event_count,125,125,0,0,125,125,1.0,1.0,1.0,1.0,1.0
SUSPICIOUS_SIM_REPLACEMENT,post_trigger_recovery_event_count,125,125,0,0,125,125,1.0,1.0,1.0,1.0,1.0
SUSPICIOUS_SIM_REPLACEMENT,telecom_to_device_sequence,125,125,0,0,125,125,1.0,1.0,1.0,1.0,1.0
SUSPICIOUS_SIM_REPLACEMENT,telecom_to_auth_sequence,125,125,0,0,125,125,1.0,1.0,1.0,1.0,1.0
SUSPICIOUS_SIM_REPLACEMENT,telecom_to_recovery_sequence,125,125,0,0,125,125,1.0,1.0,1.0,1.0,1.0
SUSPICIOUS_SIM_REPLACEMENT,device_before_auth_sequence,125,125,0,0,125,125,1.0,1.0,1.0,1.0,1.0
SUSPICIOUS_SIM_REPLACEMENT,auth_before_recovery_sequence,125,125,0,0,125,125,1.0,1.0,1.0,1.0,1.0
