feature,importance_mean,importance_std
device_deviation,0.1707195380750855,0.026910642763476128
failed_login_count,0.04366699141884177,0.008635251481518485
password_reset,0.022138986640426905,0.004105478051611355
recovery_event_present,0.021158170377797346,0.003925476392785534
esim_change,0.01314330350415962,0.002762538099453191
baseline_transaction_amount_min,0.008110645237237568,0.004781021362545897
authentication_anomaly,0.005626313122089355,0.0034191473614434797
sim_change,0.005532025237843829,0.0020860308274320404
device_change,0.004251226874652281,0.0018142583943966798
new_device,0.0008588093904559723,0.0022310548297339037
account_change,0.0,0.0
account_recovery,0.0,0.0
baseline_event_count,0.0,0.0
baseline_event_frequency,0.0,0.0
baseline_successful_login_count,0.0,0.0
baseline_transaction_count,0.0,0.0
new_beneficiary,0.0,0.0
telecom_event_present,0.0,0.0
known_device,-0.0002782229507262701,0.00215092827598959
baseline_transaction_amount_max,-0.004119417563005823,0.0037663399559131347
baseline_transaction_amount_mean,-0.007232571684902711,0.00523948271773245
