user_id,account_id,event_id,scenario_type_evaluation_only,y_true_evaluation_only,rf_prediction,rf_probability_ato,rf_error_type,phase7_telecom_prediction,phase7_multi_signal_prediction
USR-000785,ACC-000785,EVT-000785-11,LEGITIMATE_SIM_REPLACEMENT,0,0,0.0,CORRECT,NO_ATO_RISK_INDICATOR,NO_ATO_RISK_INDICATOR
USR-000886,ACC-000886,EVT-000886-11,LEGITIMATE_SIM_AUTH_RECOVERY,0,0,0.08,CORRECT,NO_ATO_RISK_INDICATOR,AMBIGUOUS_INSUFFICIENT_EVIDENCE
USR-000993,ACC-000993,EVT-000993-11,SUSPICIOUS_ESIM_CHANGE,1,1,1.0,CORRECT,NO_ATO_RISK_INDICATOR,ATO_RISK_INDICATOR
USR-000443,ACC-000443,EVT-000443-11,LEGITIMATE_ESIM_CHANGE,0,0,0.0,CORRECT,NO_ATO_RISK_INDICATOR,NO_ATO_RISK_INDICATOR
USR-000296,ACC-000296,EVT-000296-11,LEGITIMATE_ESIM_DEVICE_RECOVERY,0,0,0.07,CORRECT,NO_ATO_RISK_INDICATOR,AMBIGUOUS_INSUFFICIENT_EVIDENCE
USR-000741,ACC-000741,EVT-000741-11,LEGITIMATE_ESIM_DEVICE_RECOVERY,0,0,0.01,CORRECT,NO_ATO_RISK_INDICATOR,AMBIGUOUS_INSUFFICIENT_EVIDENCE
USR-000149,ACC-000149,EVT-000149-11,SIM_ESIM_AUTH_ANOMALY,1,1,1.0,CORRECT,NO_ATO_RISK_INDICATOR,ATO_RISK_INDICATOR
USR-000309,ACC-000309,EVT-000309-11,LEGITIMATE_SIM_REPLACEMENT,0,0,0.0,CORRECT,NO_ATO_RISK_INDICATOR,NO_ATO_RISK_INDICATOR
USR-000439,ACC-000439,EVT-000439-11,LEGITIMATE_SIM_AUTH_RECOVERY,0,0,0.04,CORRECT,NO_ATO_RISK_INDICATOR,AMBIGUOUS_INSUFFICIENT_EVIDENCE
USR-000655,ACC-000655,EVT-000655-11,LEGITIMATE_ESIM_CHANGE,0,0,0.0,CORRECT,NO_ATO_RISK_INDICATOR,NO_ATO_RISK_INDICATOR
USR-000876,ACC-000876,EVT-000876-11,LEGITIMATE_ESIM_CHANGE,0,0,0.0,CORRECT,NO_ATO_RISK_INDICATOR,NO_ATO_RISK_INDICATOR
USR-000336,ACC-000336,EVT-000336-11,LEGITIMATE_ESIM_CHANGE,0,0,0.0,CORRECT,NO_ATO_RISK_INDICATOR,NO_ATO_RISK_INDICATOR
USR-000407,ACC-000407,EVT-000407-11,SIM_ESIM_AUTH_ANOMALY,1,1,1.0,CORRECT,NO_ATO_RISK_INDICATOR,ATO_RISK_INDICATOR
USR-000395,ACC-000395,EVT-000395-11,LEGITIMATE_ESIM_DEVICE_RECOVERY,0,0,0.01,CORRECT,NO_ATO_RISK_INDICATOR,AMBIGUOUS_INSUFFICIENT_EVIDENCE
USR-000115,ACC-000115,EVT-000115-11,SUSPICIOUS_ESIM_CHANGE,1,1,1.0,CORRECT,NO_ATO_RISK_INDICATOR,ATO_RISK_INDICATOR
USR-000131,ACC-000131,EVT-000131-11,LEGITIMATE_SIM_REPLACEMENT,0,0,0.0,CORRECT,NO_ATO_RISK_INDICATOR,NO_ATO_RISK_INDICATOR
USR-000003,ACC-000003,EVT-000003-11,SIM_ESIM_AUTH_ANOMALY,1,1,1.0,CORRECT,NO_ATO_RISK_INDICATOR,ATO_RISK_INDICATOR
USR-000493,ACC-000493,EVT-000493-11,LEGITIMATE_SIM_AUTH_RECOVERY,0,0,0.02,CORRECT,NO_ATO_RISK_INDICATOR,AMBIGUOUS_INSUFFICIENT_EVIDENCE
USR-000814,ACC-000814,EVT-000814-11,LEGITIMATE_SIM_REPLACEMENT,0,0,0.0,CORRECT,NO_ATO_RISK_INDICATOR,NO_ATO_RISK_INDICATOR
USR-000614,ACC-000614,EVT-000614-11,SUSPICIOUS_ESIM_CHANGE,1,1,1.0,CORRECT,NO_ATO_RISK_INDICATOR,ATO_RISK_INDICATOR
USR-000328,ACC-000328,EVT-000328-11,LEGITIMATE_ESIM_CHANGE,0,0,0.0,CORRECT,NO_ATO_RISK_INDICATOR,NO_ATO_RISK_INDICATOR
USR-000759,ACC-000759,EVT-000759-11,SIM_ESIM_AUTH_ANOMALY,1,1,1.0,CORRECT,NO_ATO_RISK_INDICATOR,ATO_RISK_INDICATOR
USR-000632,ACC-000632,EVT-000632-11,LEGITIMATE_SIM_DEVICE_RECOVERY,0,1,0.67,FP,NO_ATO_RISK_INDICATOR,AMBIGUOUS_INSUFFICIENT_EVIDENCE
USR-000728,ACC-000728,EVT-000728-11,LEGITIMATE_SIM_AUTH_RECOVERY,0,0,0.04,CORRECT,NO_ATO_RISK_INDICATOR,AMBIGUOUS_INSUFFICIENT_EVIDENCE
USR-000350,ACC-000350,EVT-000350-11,LEGITIMATE_ESIM_CHANGE,0,0,0.0,CORRECT,NO_ATO_RISK_INDICATOR,NO_ATO_RISK_INDICATOR
USR-000041,ACC-000041,EVT-000041-11,LEGITIMATE_SIM_REPLACEMENT,0,0,0.0,CORRECT,NO_ATO_RISK_INDICATOR,NO_ATO_RISK_INDICATOR
USR-000110,ACC-000110,EVT-000110-11,SIM_ESIM_AUTH_ANOMALY,1,1,1.0,CORRECT,NO_ATO_RISK_INDICATOR,ATO_RISK_INDICATOR
USR-000727,ACC-000727,EVT-000727-11,SUSPICIOUS_ESIM_CHANGE,1,1,1.0,CORRECT,NO_ATO_RISK_INDICATOR,ATO_RISK_INDICATOR
USR-000593,ACC-000593,EVT-000593-11,LEGITIMATE_SIM_REPLACEMENT,0,0,0.0,CORRECT,NO_ATO_RISK_INDICATOR,NO_ATO_RISK_INDICATOR
USR-000792,ACC-000792,EVT-000792-11,LEGITIMATE_SIM_AUTH_RECOVERY,0,0,0.01,CORRECT,NO_ATO_RISK_INDICATOR,AMBIGUOUS_INSUFFICIENT_EVIDENCE
USR-000647,ACC-000647,EVT-000647-11,SUSPICIOUS_ESIM_CHANGE,1,1,1.0,CORRECT,NO_ATO_RISK_INDICATOR,ATO_RISK_INDICATOR
USR-000794,ACC-000794,EVT-000794-11,LEGITIMATE_ESIM_CHANGE,0,0,0.0,CORRECT,NO_ATO_RISK_INDICATOR,NO_ATO_RISK_INDICATOR
USR-000032,ACC-000032,EVT-000032-11,LEGITIMATE_SIM_AUTH_RECOVERY,0,0,0.13,CORRECT,NO_ATO_RISK_INDICATOR,AMBIGUOUS_INSUFFICIENT_EVIDENCE
USR-000502,ACC-000502,EVT-000502-11,LEGITIMATE_ESIM_DEVICE_RECOVERY,0,0,0.01,CORRECT,NO_ATO_RISK_INDICATOR,AMBIGUOUS_INSUFFICIENT_EVIDENCE
USR-000806,ACC-000806,EVT-000806-11,LEGITIMATE_ESIM_CHANGE,0,0,0.0,CORRECT,NO_ATO_RISK_INDICATOR,NO_ATO_RISK_INDICATOR
USR-000912,ACC-000912,EVT-000912-11,SIM_ESIM_AUTH_ANOMALY,1,1,1.0,CORRECT,NO_ATO_RISK_INDICATOR,ATO_RISK_INDICATOR
USR-000833,ACC-000833,EVT-000833-11,SUSPICIOUS_ESIM_CHANGE,1,1,1.0,CORRECT,NO_ATO_RISK_INDICATOR,ATO_RISK_INDICATOR
USR-000992,ACC-000992,EVT-000992-11,LEGITIMATE_SIM_DEVICE_RECOVERY,0,1,0.7,FP,NO_ATO_RISK_INDICATOR,AMBIGUOUS_INSUFFICIENT_EVIDENCE
USR-000474,ACC-000474,EVT-000474-11,LEGITIMATE_ESIM_DEVICE_RECOVERY,0,0,0.02,CORRECT,NO_ATO_RISK_INDICATOR,AMBIGUOUS_INSUFFICIENT_EVIDENCE
USR-000679,ACC-000679,EVT-000679-11,LEGITIMATE_SIM_REPLACEMENT,0,0,0.0,CORRECT,NO_ATO_RISK_INDICATOR,NO_ATO_RISK_INDICATOR
USR-000033,ACC-000033,EVT-000033-11,SUSPICIOUS_SIM_REPLACEMENT,1,1,0.57,CORRECT,NO_ATO_RISK_INDICATOR,AMBIGUOUS_INSUFFICIENT_EVIDENCE
USR-000462,ACC-000462,EVT-000462-11,SUSPICIOUS_ESIM_CHANGE,1,1,1.0,CORRECT,NO_ATO_RISK_INDICATOR,ATO_RISK_INDICATOR
USR-000097,ACC-000097,EVT-000097-11,SUSPICIOUS_ESIM_CHANGE,1,1,1.0,CORRECT,NO_ATO_RISK_INDICATOR,ATO_RISK_INDICATOR
USR-000834,ACC-000834,EVT-000834-11,LEGITIMATE_SIM_DEVICE_RECOVERY,0,0,0.46,CORRECT,NO_ATO_RISK_INDICATOR,AMBIGUOUS_INSUFFICIENT_EVIDENCE
USR-000346,ACC-000346,EVT-000346-11,LEGITIMATE_ESIM_DEVICE_RECOVERY,0,0,0.01,CORRECT,NO_ATO_RISK_INDICATOR,AMBIGUOUS_INSUFFICIENT_EVIDENCE
USR-000205,ACC-000205,EVT-000205-11,LEGITIMATE_ESIM_CHANGE,0,0,0.0,CORRECT,NO_ATO_RISK_INDICATOR,NO_ATO_RISK_INDICATOR
USR-000469,ACC-000469,EVT-000469-11,SUSPICIOUS_SIM_REPLACEMENT,1,1,0.69,CORRECT,NO_ATO_RISK_INDICATOR,AMBIGUOUS_INSUFFICIENT_EVIDENCE
USR-000756,ACC-000756,EVT-000756-11,LEGITIMATE_ESIM_CHANGE,0,0,0.0,CORRECT,NO_ATO_RISK_INDICATOR,NO_ATO_RISK_INDICATOR
USR-000778,ACC-000778,EVT-000778-11,LEGITIMATE_SIM_REPLACEMENT,0,0,0.0,CORRECT,NO_ATO_RISK_INDICATOR,NO_ATO_RISK_INDICATOR
USR-000844,ACC-000844,EVT-000844-11,SUSPICIOUS_SIM_REPLACEMENT,1,0,0.48,FN,NO_ATO_RISK_INDICATOR,AMBIGUOUS_INSUFFICIENT_EVIDENCE
USR-000093,ACC-000093,EVT-000093-11,LEGITIMATE_SIM_REPLACEMENT,0,0,0.0,CORRECT,NO_ATO_RISK_INDICATOR,NO_ATO_RISK_INDICATOR
USR-000657,ACC-000657,EVT-000657-11,SIM_ESIM_AUTH_ANOMALY,1,1,1.0,CORRECT,NO_ATO_RISK_INDICATOR,ATO_RISK_INDICATOR
USR-000908,ACC-000908,EVT-000908-11,LEGITIMATE_SIM_DEVICE_RECOVERY,0,1,0.76,FP,NO_ATO_RISK_INDICATOR,AMBIGUOUS_INSUFFICIENT_EVIDENCE
USR-000142,ACC-000142,EVT-000142-11,LEGITIMATE_SIM_REPLACEMENT,0,0,0.0,CORRECT,NO_ATO_RISK_INDICATOR,NO_ATO_RISK_INDICATOR
USR-000630,ACC-000630,EVT-000630-11,SUSPICIOUS_ESIM_CHANGE,1,1,1.0,CORRECT,NO_ATO_RISK_INDICATOR,ATO_RISK_INDICATOR
USR-000903,ACC-000903,EVT-000903-11,LEGITIMATE_ESIM_DEVICE_RECOVERY,0,0,0.02,CORRECT,NO_ATO_RISK_INDICATOR,AMBIGUOUS_INSUFFICIENT_EVIDENCE
USR-000168,ACC-000168,EVT-000168-11,LEGITIMATE_SIM_REPLACEMENT,0,0,0.0,CORRECT,NO_ATO_RISK_INDICATOR,NO_ATO_RISK_INDICATOR
USR-000327,ACC-000327,EVT-000327-11,LEGITIMATE_SIM_AUTH_RECOVERY,0,0,0.04,CORRECT,NO_ATO_RISK_INDICATOR,AMBIGUOUS_INSUFFICIENT_EVIDENCE
USR-000621,ACC-000621,EVT-000621-11,LEGITIMATE_SIM_REPLACEMENT,0,0,0.0,CORRECT,NO_ATO_RISK_INDICATOR,NO_ATO_RISK_INDICATOR
USR-000310,ACC-000310,EVT-000310-11,SUSPICIOUS_ESIM_CHANGE,1,1,1.0,CORRECT,NO_ATO_RISK_INDICATOR,ATO_RISK_INDICATOR
USR-000029,ACC-000029,EVT-000029-11,SUSPICIOUS_SIM_REPLACEMENT,1,1,0.92,CORRECT,NO_ATO_RISK_INDICATOR,AMBIGUOUS_INSUFFICIENT_EVIDENCE
USR-000809,ACC-000809,EVT-000809-11,SUSPICIOUS_ESIM_CHANGE,1,1,1.0,CORRECT,NO_ATO_RISK_INDICATOR,ATO_RISK_INDICATOR
USR-000879,ACC-000879,EVT-000879-11,SIM_ESIM_AUTH_ANOMALY,1,1,1.0,CORRECT,NO_ATO_RISK_INDICATOR,ATO_RISK_INDICATOR
USR-000514,ACC-000514,EVT-000514-11,SIM_ESIM_AUTH_ANOMALY,1,1,1.0,CORRECT,NO_ATO_RISK_INDICATOR,ATO_RISK_INDICATOR
USR-000150,ACC-000150,EVT-000150-11,LEGITIMATE_SIM_REPLACEMENT,0,0,0.0,CORRECT,NO_ATO_RISK_INDICATOR,NO_ATO_RISK_INDICATOR
USR-000575,ACC-000575,EVT-000575-11,SUSPICIOUS_SIM_REPLACEMENT,1,0,0.45,FN,NO_ATO_RISK_INDICATOR,AMBIGUOUS_INSUFFICIENT_EVIDENCE
USR-000295,ACC-000295,EVT-000295-11,SIM_ESIM_AUTH_ANOMALY,1,1,1.0,CORRECT,NO_ATO_RISK_INDICATOR,ATO_RISK_INDICATOR
USR-000664,ACC-000664,EVT-000664-11,LEGITIMATE_SIM_AUTH_RECOVERY,0,0,0.05,CORRECT,NO_ATO_RISK_INDICATOR,AMBIGUOUS_INSUFFICIENT_EVIDENCE
USR-000380,ACC-000380,EVT-000380-11,SIM_ESIM_AUTH_ANOMALY,1,1,0.95,CORRECT,NO_ATO_RISK_INDICATOR,ATO_RISK_INDICATOR
USR-000592,ACC-000592,EVT-000592-11,SUSPICIOUS_SIM_REPLACEMENT,1,1,0.84,CORRECT,NO_ATO_RISK_INDICATOR,AMBIGUOUS_INSUFFICIENT_EVIDENCE
USR-000699,ACC-000699,EVT-000699-11,LEGITIMATE_SIM_AUTH_RECOVERY,0,0,0.04,CORRECT,NO_ATO_RISK_INDICATOR,AMBIGUOUS_INSUFFICIENT_EVIDENCE
USR-000599,ACC-000599,EVT-000599-11,SUSPICIOUS_ESIM_CHANGE,1,1,0.94,CORRECT,NO_ATO_RISK_INDICATOR,ATO_RISK_INDICATOR
USR-000377,ACC-000377,EVT-000377-11,LEGITIMATE_SIM_DEVICE_RECOVERY,0,1,0.78,FP,NO_ATO_RISK_INDICATOR,AMBIGUOUS_INSUFFICIENT_EVIDENCE
USR-000572,ACC-000572,EVT-000572-11,SUSPICIOUS_ESIM_CHANGE,1,1,1.0,CORRECT,NO_ATO_RISK_INDICATOR,ATO_RISK_INDICATOR
USR-000141,ACC-000141,EVT-000141-11,SUSPICIOUS_ESIM_CHANGE,1,1,1.0,CORRECT,NO_ATO_RISK_INDICATOR,ATO_RISK_INDICATOR
USR-000810,ACC-000810,EVT-000810-11,LEGITIMATE_ESIM_DEVICE_RECOVERY,0,0,0.0,CORRECT,NO_ATO_RISK_INDICATOR,AMBIGUOUS_INSUFFICIENT_EVIDENCE
USR-000726,ACC-000726,EVT-000726-11,LEGITIMATE_SIM_AUTH_RECOVERY,0,0,0.09,CORRECT,NO_ATO_RISK_INDICATOR,AMBIGUOUS_INSUFFICIENT_EVIDENCE
USR-000685,ACC-000685,EVT-000685-11,SUSPICIOUS_ESIM_CHANGE,1,1,1.0,CORRECT,NO_ATO_RISK_INDICATOR,ATO_RISK_INDICATOR
USR-000374,ACC-000374,EVT-000374-11,SUSPICIOUS_ESIM_CHANGE,1,1,1.0,CORRECT,NO_ATO_RISK_INDICATOR,ATO_RISK_INDICATOR
USR-000648,ACC-000648,EVT-000648-11,SIM_ESIM_AUTH_ANOMALY,1,1,1.0,CORRECT,NO_ATO_RISK_INDICATOR,ATO_RISK_INDICATOR
USR-000638,ACC-000638,EVT-000638-11,LEGITIMATE_SIM_REPLACEMENT,0,0,0.0,CORRECT,NO_ATO_RISK_INDICATOR,NO_ATO_RISK_INDICATOR
USR-000354,ACC-000354,EVT-000354-11,SUSPICIOUS_SIM_REPLACEMENT,1,1,0.56,CORRECT,NO_ATO_RISK_INDICATOR,AMBIGUOUS_INSUFFICIENT_EVIDENCE
USR-000229,ACC-000229,EVT-000229-11,SIM_ESIM_AUTH_ANOMALY,1,1,1.0,CORRECT,NO_ATO_RISK_INDICATOR,ATO_RISK_INDICATOR
USR-000313,ACC-000313,EVT-000313-11,LEGITIMATE_SIM_AUTH_RECOVERY,0,0,0.01,CORRECT,NO_ATO_RISK_INDICATOR,AMBIGUOUS_INSUFFICIENT_EVIDENCE
USR-000194,ACC-000194,EVT-000194-11,LEGITIMATE_ESIM_DEVICE_RECOVERY,0,0,0.0,CORRECT,NO_ATO_RISK_INDICATOR,AMBIGUOUS_INSUFFICIENT_EVIDENCE
USR-000352,ACC-000352,EVT-000352-11,SIM_ESIM_AUTH_ANOMALY,1,1,1.0,CORRECT,NO_ATO_RISK_INDICATOR,ATO_RISK_INDICATOR
USR-000055,ACC-000055,EVT-000055-11,SUSPICIOUS_ESIM_CHANGE,1,1,1.0,CORRECT,NO_ATO_RISK_INDICATOR,ATO_RISK_INDICATOR
USR-000899,ACC-000899,EVT-000899-11,LEGITIMATE_SIM_DEVICE_RECOVERY,0,0,0.46,CORRECT,NO_ATO_RISK_INDICATOR,AMBIGUOUS_INSUFFICIENT_EVIDENCE
USR-000981,ACC-000981,EVT-000981-11,SIM_ESIM_AUTH_ANOMALY,1,1,0.97,CORRECT,NO_ATO_RISK_INDICATOR,ATO_RISK_INDICATOR
USR-000735,ACC-000735,EVT-000735-11,LEGITIMATE_SIM_DEVICE_RECOVERY,0,0,0.49,CORRECT,NO_ATO_RISK_INDICATOR,AMBIGUOUS_INSUFFICIENT_EVIDENCE
USR-000973,ACC-000973,EVT-000973-11,SUSPICIOUS_SIM_REPLACEMENT,1,0,0.43,FN,NO_ATO_RISK_INDICATOR,AMBIGUOUS_INSUFFICIENT_EVIDENCE
USR-000692,ACC-000692,EVT-000692-11,SUSPICIOUS_ESIM_CHANGE,1,1,1.0,CORRECT,NO_ATO_RISK_INDICATOR,ATO_RISK_INDICATOR
USR-000769,ACC-000769,EVT-000769-11,SUSPICIOUS_SIM_REPLACEMENT,1,1,0.7,CORRECT,NO_ATO_RISK_INDICATOR,AMBIGUOUS_INSUFFICIENT_EVIDENCE
USR-000619,ACC-000619,EVT-000619-11,LEGITIMATE_ESIM_DEVICE_RECOVERY,0,0,0.0,CORRECT,NO_ATO_RISK_INDICATOR,AMBIGUOUS_INSUFFICIENT_EVIDENCE
USR-000434,ACC-000434,EVT-000434-11,LEGITIMATE_ESIM_DEVICE_RECOVERY,0,0,0.0,CORRECT,NO_ATO_RISK_INDICATOR,AMBIGUOUS_INSUFFICIENT_EVIDENCE
USR-000264,ACC-000264,EVT-000264-11,LEGITIMATE_SIM_DEVICE_RECOVERY,0,1,0.82,FP,NO_ATO_RISK_INDICATOR,AMBIGUOUS_INSUFFICIENT_EVIDENCE
USR-000317,ACC-000317,EVT-000317-11,LEGITIMATE_SIM_REPLACEMENT,0,0,0.0,CORRECT,NO_ATO_RISK_INDICATOR,NO_ATO_RISK_INDICATOR
USR-000020,ACC-000020,EVT-000020-11,LEGITIMATE_SIM_REPLACEMENT,0,0,0.0,CORRECT,NO_ATO_RISK_INDICATOR,NO_ATO_RISK_INDICATOR
USR-000046,ACC-000046,EVT-000046-11,SUSPICIOUS_SIM_REPLACEMENT,1,1,0.6,CORRECT,NO_ATO_RISK_INDICATOR,AMBIGUOUS_INSUFFICIENT_EVIDENCE
USR-000372,ACC-000372,EVT-000372-11,SUSPICIOUS_ESIM_CHANGE,1,1,1.0,CORRECT,NO_ATO_RISK_INDICATOR,ATO_RISK_INDICATOR
USR-000169,ACC-000169,EVT-000169-11,LEGITIMATE_ESIM_CHANGE,0,0,0.0,CORRECT,NO_ATO_RISK_INDICATOR,NO_ATO_RISK_INDICATOR
USR-000156,ACC-000156,EVT-000156-11,LEGITIMATE_SIM_DEVICE_RECOVERY,0,0,0.33,CORRECT,NO_ATO_RISK_INDICATOR,AMBIGUOUS_INSUFFICIENT_EVIDENCE
USR-000126,ACC-000126,EVT-000126-11,SUSPICIOUS_SIM_REPLACEMENT,1,0,0.49,FN,NO_ATO_RISK_INDICATOR,AMBIGUOUS_INSUFFICIENT_EVIDENCE
USR-000527,ACC-000527,EVT-000527-11,SUSPICIOUS_SIM_REPLACEMENT,1,1,0.65,CORRECT,NO_ATO_RISK_INDICATOR,AMBIGUOUS_INSUFFICIENT_EVIDENCE
USR-000016,ACC-000016,EVT-000016-11,SUSPICIOUS_SIM_REPLACEMENT,1,0,0.35,FN,NO_ATO_RISK_INDICATOR,AMBIGUOUS_INSUFFICIENT_EVIDENCE
USR-000680,ACC-000680,EVT-000680-11,SUSPICIOUS_SIM_REPLACEMENT,1,0,0.31,FN,NO_ATO_RISK_INDICATOR,AMBIGUOUS_INSUFFICIENT_EVIDENCE
USR-000582,ACC-000582,EVT-000582-11,LEGITIMATE_SIM_REPLACEMENT,0,0,0.0,CORRECT,NO_ATO_RISK_INDICATOR,NO_ATO_RISK_INDICATOR
USR-000019,ACC-000019,EVT-000019-11,LEGITIMATE_SIM_AUTH_RECOVERY,0,0,0.01,CORRECT,NO_ATO_RISK_INDICATOR,AMBIGUOUS_INSUFFICIENT_EVIDENCE
USR-000300,ACC-000300,EVT-000300-11,SUSPICIOUS_ESIM_CHANGE,1,1,1.0,CORRECT,NO_ATO_RISK_INDICATOR,ATO_RISK_INDICATOR
USR-000898,ACC-000898,EVT-000898-11,LEGITIMATE_ESIM_DEVICE_RECOVERY,0,0,0.01,CORRECT,NO_ATO_RISK_INDICATOR,AMBIGUOUS_INSUFFICIENT_EVIDENCE
USR-000068,ACC-000068,EVT-000068-11,LEGITIMATE_SIM_REPLACEMENT,0,0,0.0,CORRECT,NO_ATO_RISK_INDICATOR,NO_ATO_RISK_INDICATOR
USR-000926,ACC-000926,EVT-000926-11,LEGITIMATE_SIM_DEVICE_RECOVERY,0,1,0.66,FP,NO_ATO_RISK_INDICATOR,AMBIGUOUS_INSUFFICIENT_EVIDENCE
USR-000603,ACC-000603,EVT-000603-11,LEGITIMATE_SIM_DEVICE_RECOVERY,0,0,0.31,CORRECT,NO_ATO_RISK_INDICATOR,AMBIGUOUS_INSUFFICIENT_EVIDENCE
USR-000605,ACC-000605,EVT-000605-11,LEGITIMATE_SIM_AUTH_RECOVERY,0,0,0.02,CORRECT,NO_ATO_RISK_INDICATOR,AMBIGUOUS_INSUFFICIENT_EVIDENCE
USR-000077,ACC-000077,EVT-000077-11,LEGITIMATE_ESIM_CHANGE,0,0,0.0,CORRECT,NO_ATO_RISK_INDICATOR,NO_ATO_RISK_INDICATOR
USR-000065,ACC-000065,EVT-000065-11,LEGITIMATE_SIM_AUTH_RECOVERY,0,0,0.02,CORRECT,NO_ATO_RISK_INDICATOR,AMBIGUOUS_INSUFFICIENT_EVIDENCE
USR-000226,ACC-000226,EVT-000226-11,LEGITIMATE_ESIM_CHANGE,0,0,0.0,CORRECT,NO_ATO_RISK_INDICATOR,NO_ATO_RISK_INDICATOR
USR-000846,ACC-000846,EVT-000846-11,SUSPICIOUS_SIM_REPLACEMENT,1,1,0.76,CORRECT,NO_ATO_RISK_INDICATOR,AMBIGUOUS_INSUFFICIENT_EVIDENCE
USR-000378,ACC-000378,EVT-000378-11,SUSPICIOUS_SIM_REPLACEMENT,1,1,0.57,CORRECT,NO_ATO_RISK_INDICATOR,AMBIGUOUS_INSUFFICIENT_EVIDENCE
USR-000615,ACC-000615,EVT-000615-11,SIM_ESIM_AUTH_ANOMALY,1,1,1.0,CORRECT,NO_ATO_RISK_INDICATOR,ATO_RISK_INDICATOR
USR-000002,ACC-000002,EVT-000002-11,LEGITIMATE_ESIM_DEVICE_RECOVERY,0,0,0.0,CORRECT,NO_ATO_RISK_INDICATOR,AMBIGUOUS_INSUFFICIENT_EVIDENCE
USR-000558,ACC-000558,EVT-000558-11,LEGITIMATE_ESIM_DEVICE_RECOVERY,0,0,0.01,CORRECT,NO_ATO_RISK_INDICATOR,AMBIGUOUS_INSUFFICIENT_EVIDENCE
USR-000737,ACC-000737,EVT-000737-11,LEGITIMATE_SIM_DEVICE_RECOVERY,0,1,0.71,FP,NO_ATO_RISK_INDICATOR,AMBIGUOUS_INSUFFICIENT_EVIDENCE
USR-000545,ACC-000545,EVT-000545-11,SIM_ESIM_AUTH_ANOMALY,1,1,1.0,CORRECT,NO_ATO_RISK_INDICATOR,ATO_RISK_INDICATOR
USR-000950,ACC-000950,EVT-000950-11,SUSPICIOUS_ESIM_CHANGE,1,1,0.98,CORRECT,NO_ATO_RISK_INDICATOR,ATO_RISK_INDICATOR
USR-000874,ACC-000874,EVT-000874-11,LEGITIMATE_ESIM_CHANGE,0,0,0.0,CORRECT,NO_ATO_RISK_INDICATOR,NO_ATO_RISK_INDICATOR
USR-000116,ACC-000116,EVT-000116-11,LEGITIMATE_ESIM_DEVICE_RECOVERY,0,0,0.0,CORRECT,NO_ATO_RISK_INDICATOR,AMBIGUOUS_INSUFFICIENT_EVIDENCE
USR-000399,ACC-000399,EVT-000399-11,LEGITIMATE_SIM_DEVICE_RECOVERY,0,0,0.34,CORRECT,NO_ATO_RISK_INDICATOR,AMBIGUOUS_INSUFFICIENT_EVIDENCE
USR-000436,ACC-000436,EVT-000436-11,LEGITIMATE_ESIM_DEVICE_RECOVERY,0,0,0.01,CORRECT,NO_ATO_RISK_INDICATOR,AMBIGUOUS_INSUFFICIENT_EVIDENCE
USR-000053,ACC-000053,EVT-000053-11,LEGITIMATE_SIM_DEVICE_RECOVERY,0,0,0.17,CORRECT,NO_ATO_RISK_INDICATOR,AMBIGUOUS_INSUFFICIENT_EVIDENCE
USR-000375,ACC-000375,EVT-000375-11,SUSPICIOUS_SIM_REPLACEMENT,1,0,0.36,FN,NO_ATO_RISK_INDICATOR,AMBIGUOUS_INSUFFICIENT_EVIDENCE
USR-000274,ACC-000274,EVT-000274-11,LEGITIMATE_ESIM_DEVICE_RECOVERY,0,0,0.0,CORRECT,NO_ATO_RISK_INDICATOR,AMBIGUOUS_INSUFFICIENT_EVIDENCE
USR-000682,ACC-000682,EVT-000682-11,SUSPICIOUS_SIM_REPLACEMENT,1,1,0.73,CORRECT,NO_ATO_RISK_INDICATOR,AMBIGUOUS_INSUFFICIENT_EVIDENCE
USR-000161,ACC-000161,EVT-000161-11,LEGITIMATE_ESIM_CHANGE,0,0,0.0,CORRECT,NO_ATO_RISK_INDICATOR,NO_ATO_RISK_INDICATOR
USR-000470,ACC-000470,EVT-000470-11,SUSPICIOUS_ESIM_CHANGE,1,1,1.0,CORRECT,NO_ATO_RISK_INDICATOR,ATO_RISK_INDICATOR
USR-000888,ACC-000888,EVT-000888-11,LEGITIMATE_ESIM_CHANGE,0,0,0.0,CORRECT,NO_ATO_RISK_INDICATOR,NO_ATO_RISK_INDICATOR
USR-000764,ACC-000764,EVT-000764-11,LEGITIMATE_ESIM_DEVICE_RECOVERY,0,0,0.01,CORRECT,NO_ATO_RISK_INDICATOR,AMBIGUOUS_INSUFFICIENT_EVIDENCE
USR-000832,ACC-000832,EVT-000832-11,LEGITIMATE_ESIM_DEVICE_RECOVERY,0,0,0.0,CORRECT,NO_ATO_RISK_INDICATOR,AMBIGUOUS_INSUFFICIENT_EVIDENCE
USR-000335,ACC-000335,EVT-000335-11,LEGITIMATE_ESIM_DEVICE_RECOVERY,0,0,0.02,CORRECT,NO_ATO_RISK_INDICATOR,AMBIGUOUS_INSUFFICIENT_EVIDENCE
USR-000371,ACC-000371,EVT-000371-11,SUSPICIOUS_ESIM_CHANGE,1,1,1.0,CORRECT,NO_ATO_RISK_INDICATOR,ATO_RISK_INDICATOR
USR-000985,ACC-000985,EVT-000985-11,LEGITIMATE_SIM_AUTH_RECOVERY,0,0,0.03,CORRECT,NO_ATO_RISK_INDICATOR,AMBIGUOUS_INSUFFICIENT_EVIDENCE
USR-000082,ACC-000082,EVT-000082-11,LEGITIMATE_SIM_AUTH_RECOVERY,0,0,0.04,CORRECT,NO_ATO_RISK_INDICATOR,AMBIGUOUS_INSUFFICIENT_EVIDENCE
USR-000549,ACC-000549,EVT-000549-11,LEGITIMATE_SIM_AUTH_RECOVERY,0,0,0.04,CORRECT,NO_ATO_RISK_INDICATOR,AMBIGUOUS_INSUFFICIENT_EVIDENCE
USR-000622,ACC-000622,EVT-000622-11,LEGITIMATE_SIM_REPLACEMENT,0,0,0.0,CORRECT,NO_ATO_RISK_INDICATOR,NO_ATO_RISK_INDICATOR
USR-000101,ACC-000101,EVT-000101-11,LEGITIMATE_SIM_AUTH_RECOVERY,0,0,0.03,CORRECT,NO_ATO_RISK_INDICATOR,AMBIGUOUS_INSUFFICIENT_EVIDENCE
USR-000974,ACC-000974,EVT-000974-11,LEGITIMATE_ESIM_DEVICE_RECOVERY,0,0,0.0,CORRECT,NO_ATO_RISK_INDICATOR,AMBIGUOUS_INSUFFICIENT_EVIDENCE
USR-000499,ACC-000499,EVT-000499-11,LEGITIMATE_ESIM_DEVICE_RECOVERY,0,0,0.01,CORRECT,NO_ATO_RISK_INDICATOR,AMBIGUOUS_INSUFFICIENT_EVIDENCE
USR-000738,ACC-000738,EVT-000738-11,LEGITIMATE_ESIM_DEVICE_RECOVERY,0,0,0.02,CORRECT,NO_ATO_RISK_INDICATOR,AMBIGUOUS_INSUFFICIENT_EVIDENCE
USR-000216,ACC-000216,EVT-000216-11,LEGITIMATE_SIM_REPLACEMENT,0,0,0.0,CORRECT,NO_ATO_RISK_INDICATOR,NO_ATO_RISK_INDICATOR
USR-000034,ACC-000034,EVT-000034-11,LEGITIMATE_SIM_REPLACEMENT,0,0,0.0,CORRECT,NO_ATO_RISK_INDICATOR,NO_ATO_RISK_INDICATOR
USR-000218,ACC-000218,EVT-000218-11,SUSPICIOUS_SIM_REPLACEMENT,1,0,0.28,FN,NO_ATO_RISK_INDICATOR,AMBIGUOUS_INSUFFICIENT_EVIDENCE
USR-000644,ACC-000644,EVT-000644-11,LEGITIMATE_ESIM_DEVICE_RECOVERY,0,0,0.0,CORRECT,NO_ATO_RISK_INDICATOR,AMBIGUOUS_INSUFFICIENT_EVIDENCE
USR-000970,ACC-000970,EVT-000970-11,LEGITIMATE_SIM_DEVICE_RECOVERY,0,1,0.67,FP,NO_ATO_RISK_INDICATOR,AMBIGUOUS_INSUFFICIENT_EVIDENCE
USR-000006,ACC-000006,EVT-000006-11,LEGITIMATE_ESIM_DEVICE_RECOVERY,0,0,0.02,CORRECT,NO_ATO_RISK_INDICATOR,AMBIGUOUS_INSUFFICIENT_EVIDENCE
USR-000213,ACC-000213,EVT-000213-11,SUSPICIOUS_ESIM_CHANGE,1,1,1.0,CORRECT,NO_ATO_RISK_INDICATOR,ATO_RISK_INDICATOR
USR-000871,ACC-000871,EVT-000871-11,LEGITIMATE_ESIM_DEVICE_RECOVERY,0,0,0.01,CORRECT,NO_ATO_RISK_INDICATOR,AMBIGUOUS_INSUFFICIENT_EVIDENCE
USR-000165,ACC-000165,EVT-000165-11,LEGITIMATE_ESIM_CHANGE,0,0,0.0,CORRECT,NO_ATO_RISK_INDICATOR,NO_ATO_RISK_INDICATOR
USR-000530,ACC-000530,EVT-000530-11,LEGITIMATE_SIM_REPLACEMENT,0,0,0.0,CORRECT,NO_ATO_RISK_INDICATOR,NO_ATO_RISK_INDICATOR
USR-000203,ACC-000203,EVT-000203-11,LEGITIMATE_ESIM_DEVICE_RECOVERY,0,0,0.01,CORRECT,NO_ATO_RISK_INDICATOR,AMBIGUOUS_INSUFFICIENT_EVIDENCE
USR-000864,ACC-000864,EVT-000864-11,LEGITIMATE_SIM_DEVICE_RECOVERY,0,1,0.85,FP,NO_ATO_RISK_INDICATOR,AMBIGUOUS_INSUFFICIENT_EVIDENCE
USR-000396,ACC-000396,EVT-000396-11,LEGITIMATE_SIM_REPLACEMENT,0,0,0.0,CORRECT,NO_ATO_RISK_INDICATOR,NO_ATO_RISK_INDICATOR
USR-000930,ACC-000930,EVT-000930-11,LEGITIMATE_ESIM_DEVICE_RECOVERY,0,0,0.0,CORRECT,NO_ATO_RISK_INDICATOR,AMBIGUOUS_INSUFFICIENT_EVIDENCE
USR-000409,ACC-000409,EVT-000409-11,LEGITIMATE_SIM_AUTH_RECOVERY,0,0,0.01,CORRECT,NO_ATO_RISK_INDICATOR,AMBIGUOUS_INSUFFICIENT_EVIDENCE
USR-000750,ACC-000750,EVT-000750-11,LEGITIMATE_SIM_DEVICE_RECOVERY,0,1,0.75,FP,NO_ATO_RISK_INDICATOR,AMBIGUOUS_INSUFFICIENT_EVIDENCE
USR-000025,ACC-000025,EVT-000025-11,SUSPICIOUS_ESIM_CHANGE,1,1,1.0,CORRECT,NO_ATO_RISK_INDICATOR,ATO_RISK_INDICATOR
USR-000798,ACC-000798,EVT-000798-11,SUSPICIOUS_ESIM_CHANGE,1,1,1.0,CORRECT,NO_ATO_RISK_INDICATOR,ATO_RISK_INDICATOR
USR-000980,ACC-000980,EVT-000980-11,SIM_ESIM_AUTH_ANOMALY,1,1,1.0,CORRECT,NO_ATO_RISK_INDICATOR,ATO_RISK_INDICATOR
USR-000083,ACC-000083,EVT-000083-11,LEGITIMATE_ESIM_CHANGE,0,0,0.0,CORRECT,NO_ATO_RISK_INDICATOR,NO_ATO_RISK_INDICATOR
USR-000518,ACC-000518,EVT-000518-11,SIM_ESIM_AUTH_ANOMALY,1,1,0.98,CORRECT,NO_ATO_RISK_INDICATOR,ATO_RISK_INDICATOR
USR-000160,ACC-000160,EVT-000160-11,LEGITIMATE_SIM_AUTH_RECOVERY,0,0,0.01,CORRECT,NO_ATO_RISK_INDICATOR,AMBIGUOUS_INSUFFICIENT_EVIDENCE
USR-000716,ACC-000716,EVT-000716-11,SIM_ESIM_AUTH_ANOMALY,1,1,0.95,CORRECT,NO_ATO_RISK_INDICATOR,ATO_RISK_INDICATOR
USR-000547,ACC-000547,EVT-000547-11,LEGITIMATE_SIM_AUTH_RECOVERY,0,0,0.03,CORRECT,NO_ATO_RISK_INDICATOR,AMBIGUOUS_INSUFFICIENT_EVIDENCE
USR-000845,ACC-000845,EVT-000845-11,LEGITIMATE_SIM_REPLACEMENT,0,0,0.0,CORRECT,NO_ATO_RISK_INDICATOR,NO_ATO_RISK_INDICATOR
USR-000422,ACC-000422,EVT-000422-11,SIM_ESIM_AUTH_ANOMALY,1,1,1.0,CORRECT,NO_ATO_RISK_INDICATOR,ATO_RISK_INDICATOR
USR-000913,ACC-000913,EVT-000913-11,SIM_ESIM_AUTH_ANOMALY,1,1,1.0,CORRECT,NO_ATO_RISK_INDICATOR,ATO_RISK_INDICATOR
USR-000050,ACC-000050,EVT-000050-11,LEGITIMATE_ESIM_CHANGE,0,0,0.0,CORRECT,NO_ATO_RISK_INDICATOR,NO_ATO_RISK_INDICATOR
USR-000501,ACC-000501,EVT-000501-11,SIM_ESIM_AUTH_ANOMALY,1,1,1.0,CORRECT,NO_ATO_RISK_INDICATOR,ATO_RISK_INDICATOR
USR-000816,ACC-000816,EVT-000816-11,LEGITIMATE_SIM_DEVICE_RECOVERY,0,0,0.36,CORRECT,NO_ATO_RISK_INDICATOR,AMBIGUOUS_INSUFFICIENT_EVIDENCE
USR-000348,ACC-000348,EVT-000348-11,LEGITIMATE_SIM_AUTH_RECOVERY,0,0,0.09,CORRECT,NO_ATO_RISK_INDICATOR,AMBIGUOUS_INSUFFICIENT_EVIDENCE
USR-000542,ACC-000542,EVT-000542-11,LEGITIMATE_SIM_DEVICE_RECOVERY,0,0,0.39,CORRECT,NO_ATO_RISK_INDICATOR,AMBIGUOUS_INSUFFICIENT_EVIDENCE
USR-000678,ACC-000678,EVT-000678-11,SIM_ESIM_AUTH_ANOMALY,1,1,1.0,CORRECT,NO_ATO_RISK_INDICATOR,ATO_RISK_INDICATOR
USR-000896,ACC-000896,EVT-000896-11,LEGITIMATE_ESIM_CHANGE,0,0,0.0,CORRECT,NO_ATO_RISK_INDICATOR,NO_ATO_RISK_INDICATOR
USR-000432,ACC-000432,EVT-000432-11,SUSPICIOUS_ESIM_CHANGE,1,1,1.0,CORRECT,NO_ATO_RISK_INDICATOR,ATO_RISK_INDICATOR
USR-000763,ACC-000763,EVT-000763-11,LEGITIMATE_ESIM_DEVICE_RECOVERY,0,0,0.01,CORRECT,NO_ATO_RISK_INDICATOR,AMBIGUOUS_INSUFFICIENT_EVIDENCE
USR-000802,ACC-000802,EVT-000802-11,LEGITIMATE_SIM_REPLACEMENT,0,0,0.0,CORRECT,NO_ATO_RISK_INDICATOR,NO_ATO_RISK_INDICATOR
USR-000073,ACC-000073,EVT-000073-11,SUSPICIOUS_SIM_REPLACEMENT,1,0,0.34,FN,NO_ATO_RISK_INDICATOR,AMBIGUOUS_INSUFFICIENT_EVIDENCE
USR-000177,ACC-000177,EVT-000177-11,SUSPICIOUS_ESIM_CHANGE,1,1,0.98,CORRECT,NO_ATO_RISK_INDICATOR,ATO_RISK_INDICATOR
USR-000265,ACC-000265,EVT-000265-11,LEGITIMATE_SIM_REPLACEMENT,0,0,0.0,CORRECT,NO_ATO_RISK_INDICATOR,NO_ATO_RISK_INDICATOR
USR-000612,ACC-000612,EVT-000612-11,LEGITIMATE_ESIM_CHANGE,0,0,0.0,CORRECT,NO_ATO_RISK_INDICATOR,NO_ATO_RISK_INDICATOR
USR-000996,ACC-000996,EVT-000996-11,LEGITIMATE_ESIM_CHANGE,0,0,0.0,CORRECT,NO_ATO_RISK_INDICATOR,NO_ATO_RISK_INDICATOR
USR-000761,ACC-000761,EVT-000761-11,LEGITIMATE_SIM_DEVICE_RECOVERY,0,1,0.8,FP,NO_ATO_RISK_INDICATOR,AMBIGUOUS_INSUFFICIENT_EVIDENCE
USR-000099,ACC-000099,EVT-000099-11,LEGITIMATE_SIM_DEVICE_RECOVERY,0,0,0.35,CORRECT,NO_ATO_RISK_INDICATOR,AMBIGUOUS_INSUFFICIENT_EVIDENCE
USR-000536,ACC-000536,EVT-000536-11,SIM_ESIM_AUTH_ANOMALY,1,1,1.0,CORRECT,NO_ATO_RISK_INDICATOR,ATO_RISK_INDICATOR
USR-000124,ACC-000124,EVT-000124-11,SUSPICIOUS_ESIM_CHANGE,1,1,0.99,CORRECT,NO_ATO_RISK_INDICATOR,ATO_RISK_INDICATOR
USR-000616,ACC-000616,EVT-000616-11,LEGITIMATE_SIM_DEVICE_RECOVERY,0,1,0.71,FP,NO_ATO_RISK_INDICATOR,AMBIGUOUS_INSUFFICIENT_EVIDENCE
USR-000260,ACC-000260,EVT-000260-11,LEGITIMATE_SIM_REPLACEMENT,0,0,0.0,CORRECT,NO_ATO_RISK_INDICATOR,NO_ATO_RISK_INDICATOR
USR-000540,ACC-000540,EVT-000540-11,LEGITIMATE_ESIM_CHANGE,0,0,0.0,CORRECT,NO_ATO_RISK_INDICATOR,NO_ATO_RISK_INDICATOR
USR-000460,ACC-000460,EVT-000460-11,LEGITIMATE_ESIM_CHANGE,0,0,0.0,CORRECT,NO_ATO_RISK_INDICATOR,NO_ATO_RISK_INDICATOR
USR-000617,ACC-000617,EVT-000617-11,SUSPICIOUS_SIM_REPLACEMENT,1,1,0.81,CORRECT,NO_ATO_RISK_INDICATOR,AMBIGUOUS_INSUFFICIENT_EVIDENCE
USR-000408,ACC-000408,EVT-000408-11,LEGITIMATE_SIM_REPLACEMENT,0,0,0.0,CORRECT,NO_ATO_RISK_INDICATOR,NO_ATO_RISK_INDICATOR
